OCC2010,Occupation category description,1950,1960,1970,1980,1990,2000,ACS 2003-2009,
#,"MANAGEMENT, BUSINESS, SCIENCE, AND ARTS",,,,,,,,
10,Chief executives and legislators/public administration,250,270,,3,3,1,10,
10,,,,,4,4,3,30,
20,General and Operations Managers,,,,,,2,20,
30,"Managers in Marketing, Advertising, and Public Relations",,163,192,13,13,,,
30,,,,,,,4,40,
30,,,,231,,,5,50,
30,,,,233,,,,,
30,,,,,,,6,60,
100,Administrative Services Managers,,,,,,10,100,
110,Computer and Information Systems Managers,,,,,,11,110,
120,Financial Managers,,,202,7,7,12,120,
120,,,,210,,,,,
130,Human Resources Managers,,,,8,8,13,130,
130,,,,,,,,,
130,,,,,,,,,
130,,,,,,,,,
140,Industrial Production Managers,,,,,,14,140,
150,Purchasing Managers,,,,9,9,15,150,
160,"Transportation, Storage, and Distribution Managers",,,,,,16,160,
205,"Farmers, Ranchers, and Other Agricultural Managers",100,200,801,473,473,20,200,
205,,123,222,821,474,474,21,210,
205,,,,802,475,475,,,
205,,,,806,476,476,,,
220,Constructions Managers,,,,,,22,220,
230,Education Administrators,10,30,235,14,14,23,230,
230,,,,240,,,,,
300,Architectural and Engineering Managers,,,,,,30,300,
310,Food Service and Lodging Managers,,,230,,17,31,310,
310,,,,,,,34,340,
320,Funeral Directors,54,104,211,18,19,32,320,
320,,,,,,,,,
330,Gaming Managers,,,,,,33,330,
350,Medical and Health Services Managers,,,212,15,15,35,350,
360,Natural Science Managers,,,,,,36,360,
410,"Property, Real Estate, and Community Association Managers",230,262,216,16,18,41,410,
420,Social and Community Service Managers,,,,,,42,420,
420,,,,,,,,,
430,"Managers, nec (including Postmasters)",270,280,224,5,5,40,400,
430,,260,275,201,6,6,43,430,
430,,290,290,220,19,16,,,
430,,,,222,17,21,,,
430,,,,223,,22,,,
430,,,,245,,,,,
430,,,,246,,,,,
#,BUSINESS OPERATIONS SPECIALISTS,,,,,,,,
500,"Agents and Business Managers of Artists, Performers, and Athletes",,,,34,34,50,500,
510,"Buyers and Purchasing Agents, Farm Products",201,251,203,28,28,51,510,
520,"Wholesale and Retail Buyers, Except Farm Products",200,250,205,29,29,52,520,
530,"Purchasing Agents, Except Wholesale, Retail, and Farm Products",280,285,225,33,33,53,530,
540,"Claims Adjusters, Appraisers, Examiners, and Investigators",,321,326,375,375,54,540,
560,"Compliance Officers, Except Agriculture",210,260,215,36,36,56,560,
560,,,,,,,,,
600,Cost Estimators,,,,,,60,600,
620,"Human Resources, Training, and Labor Relations Specialists",,,,27,27,62,620,
620,,,,,,,,,
620,,,,,,,,,
620,,,,,,,,,
700,Logisticians,,,,,,70,700,
710,Management Analysts,,,,26,26,71,710,
720,Meeting and Convention Planners,,,,,,72,720,
720,,,,,,,,,
720,,,,,,,,,
730,Other Business Operations and Management Specialists,,,,37,37,73,730,
730,,,,,,,,,
730,,,,,,,,,
#,FINANCIAL SPECIALISTS,,,,,,,,
800,Accountants and Auditors,0,0,1,23,23,80,800,
810,Appraisers and Assessors of Real Estate,,,,,,81,810,
820,Budget Analysts,,,,,,82,820,
830,Credit Analysts,,,,,,83,830,
840,Financial Analysts,,,,,,84,840,
850,Personal Financial Advisors,,,,,,85,850,
860,Insurance Underwriters,,,,24,24,86,860,
900,Financial Examiners,,,,,,90,900,
910,Credit Counselors and Loan Officers,,,,,,91,910,
930,"Tax Examiners and Collectors, and Revenue Agents",,,,,,93,930,
940,Tax Preparers,,,,,,94,940,
950,"Financial Specialists, nec",204,253,,25,25,95,950,
#,COMPUTER AND MATHEMATICAL,,,,,,,,
1000,Computer Scientists and Systems Analysts/Network systems Analysts/Web Developers,,,4,64,64,100,1000,
1000,,,,5,,,111,1110,
1000,,,,,,,,,
1000,,,,,,,,,
1000,,,,,,,,,
1000,,,,,,,,,
1000,,,,,,,,,
1000,,,,,,,,,
1010,Computer Programmers,,,3,229,229,101,1010,
1020,"Software Developers, Applications and Systems Software",,,,,,102,1020,
1050,Computer Support Specialists,,,,,,104,1040,
1050,,,,,,,,,
1060,Database Administrators,,,,,,106,1060,
1100,Network and Computer Systems Administrators,,,,,,110,1100,
1100,,,,,,,,,
1200,Actuaries,,,34,66,66,120,1200,
1220,Operations Research Analysts,,,55,65,65,122,1220,
1230,Statisticians,83,174,36,67,67,123,1230,
1240,"Mathematical science occupations, nec",67,135,35,68,68,121,1210,
1240,,,,,,,124,1240,
#,ARCHITECTURE AND ENGINEERING,,,,,,,,
1300,"Architects, Except Naval",3,13,2,43,43,130,1300,
1310,"Surveyors, Cartographers, and Photogrammetrists",92,181,,63,63,131,1310,
1310,,630,642,,866,867,,,
1320,Aerospace Engineers,41,80,6,44,44,132,1320,
1350,Chemical Engineers,42,81,10,48,48,135,1350,
1360,Civil Engineers,43,82,11,53,53,136,1360,
1400,Computer Hardware Engineers,,,,,,140,1400,
1410,Electrical and Electronics Engineers,44,83,12,55,55,141,1410,
1420,Environmental Engineers,,,,,,142,1420,
1430,"Industrial Engineers, including Health and Safety",45,84,13,56,56,143,1430,
1440,Marine Engineers and Naval Architects,,,,58,58,144,1440,
1450,Materials Engineers,47,90,15,45,45,145,1450,
1460,Mechanical Engineers,46,85,14,57,57,146,1460,
1520,"Petroleum, mining and geological engineers, including mining safety engineers",48,91,21,46,46,150,1500,
1520,,,,20,47,47,152,1520,
1530,"Engineers, nec",49,93,23,59,59,151,1510,
1530,,,,,49,49,153,1530,
1530,,,,,,,133,,
1530,,,,,54,54,134,,
1540,Drafters,35,74,152,217,217,154,1540,
#,    TECHNICIANS,,,,,,,,
1550,"Engineering Technicians, Except Drafters",,190,153,214,214,155,1550,
1550,,,,154,215,215,,,
1550,,,,162,216,216,,,
1550,,,,155,,,,,
1560,Surveying and Mapping Technicians,,,161,218,218,156,1560,
#,"LIFE, PHYSICAL, AND SOCIAL SCIENCE",,,,,,,,
1600,Agricultural and Food Scientists,61,130,42,77,77,160,1600,
1610,Biological Scientists,62,131,44,78,78,161,1610,
1610,,,,52,,,,,
1640,Conservation Scientists and Foresters,53,103,25,79,79,164,1640,
1650,"Medical Scientists, and Life Scientists, All Other",,,,83,83,165,1650,
1650,,,,,,,,,
1700,Astronomers and Physicists,68,140,53,69,69,170,1700,
1710,Atmospheric and Space Scientists,,,43,74,74,171,1710,
1720,Chemists and Materials Scientists,7,21,45,73,73,172,1720,
1740,Environmental Scientists and Geoscientists,63,134,51,75,75,174,1740,
1760,"Physical Scientists, nec",69,145,54,76,76,176,1760,
1800,Economists and market researchers,81,172,91,166,166,180,1800,
1800,,,,,,,181,1810,
1810,,,,,,,,,
1820,Psychologists,82,173,93,167,167,182,1820,
1830,Urban and Regional Planners,,,95,173,173,184,1840,
1840,"Social Scientists, nec",52,175,96,168,168,186,1860,
1840,,84,102,92,169,169,183,,
1840,,,,94,,,,,
1840,,,,24,,,,,
1840,,,,26,,,,,
1900,Agricultural and Food Science Technicians,,,,,,190,1900,
1910,Biological Technicians,,,150,223,223,191,1910,
1920,Chemical Technicians,,,151,224,224,192,1920,
1930,"Geological and Petroleum Technicians, and Nuclear Technicians",,,,,,193,1930,
1930,,,,,,,194,1940,
1960,"Life, Physical, and Social Science Technicians, nec",95,191,156,213,213,196,1960,
1960,,96,192,173,225,225,,,
1960,,,,,235,235,,,
1980,"Professional, Research, or Technical Workers, nec",99,195,195,,,,,
1980,,,,196,,,,,
#,COMMUNITY AND SOCIAL SERVICES,,,,,,,,
2000,Counselors,,,174,163,163,200,2000,
2010,Social Workers,79,171,100,174,174,201,2010,
2010,,,,,,,,,
2010,,,,,,,,,
2020,"Community and Social Service Specialists, nec",,,954,467,465,202,2020,
2020,,,,,,,,,
2040,Clergy,9,23,86,176,176,204,2040,
2050,"Directors, Religious Activities and Education",,,,,,205,2050,
2060,"Religious Workers, nec",78,170,90,177,177,206,2060,
#,LEGAL,,,,,,,,
2100,"Lawyers, and judges, magistrates, and other judicial workers",55,105,31,178,178,210,2100,
2100,,,,30,179,179,211,2110,
2140,Paralegals and Legal Assistants,,,,234,234,214,2140,
2140,,,,,,,,,
2150,"Legal Support Workers, nec",,,,,,215,2150,
2150,,,,,,,,,
#,"EDUCATION, TRAINING, AND LIBRARY",,,,,,,,
2200,Postsecondary Teachers,17,41,103,113,113,220,2200,
2200,,13,32,104,114,114,,,
2200,,14,34,105,115,115,,,
2200,,23,45,110,116,116,,,
2200,,24,50,114,118,118,,,
2200,,15,35,116,119,119,,,
2200,,16,40,120,123,123,,,
2200,,18,42,121,125,125,,,
2200,,25,51,111,127,127,,,
2200,,28,54,112,128,128,,,
2200,,12,31,125,139,139,,,
2200,,19,43,132,145,145,,,
2200,,26,52,133,147,147,,,
2200,,27,53,131,149,149,,,
2200,,29,60,102,117,117,,,
2200,,,,113,124,124,,,
2200,,,,115,126,126,,,
2200,,,,122,129,129,,,
2200,,,,123,133,133,,,
2200,,,,124,134,134,,,
2200,,,,126,135,135,,,
2200,,,,130,136,136,,,
2200,,,,134,137,137,,,
2200,,,,135,138,138,,,
2200,,,,140,143,143,,,
2200,,,,,144,144,,,
2200,,,,,146,146,,,
2200,,,,,148,148,,,
2200,,,,,153,153,,,
2200,,,,,154,154,,,
2300,Preschool and Kindergarten Teachers,,,143,155,155,230,2300,
2310,Elementary and Middle School Teachers,93,182,142,156,156,231,2310,
2320,Secondary School Teachers,,183,144,157,157,232,2320,
2330,Special Education Teachers,,,,158,158,233,2330,
2340,Other Teachers and Instructors,,184,141,159,159,234,2340,
2340,,,,145,,,,,
2400,"Archivists, Curators, and Museum Technicians",,,33,165,165,240,2400,
2430,Librarians,56,111,32,164,164,243,2430,
2440,Library Technicians,,,,,,244,2440,
2540,Teacher Assistants,,,382,387,387,254,2540,
2540,,,,,,467,,,
2550,"Education, Training, and Library Workers, nec",,,,,,255,2550,
#,"ARTS, DESIGN, ENTERTAINMENT, SPORTS, AND MEDIA",,,,,,,,
2600,Artists and Related Workers,4,14,190,188,188,260,2600,
2630,Designers,33,72,183,185,185,263,2630,
2630,,514,420,425,,,,,
2700,"Actors, Producers, and Directors",1,10,175,187,187,270,2700,
2700,,,,,,,271,2710,
2720,"Athletes, Coaches, Umpires, and Related Workers",5,15,180,199,199,272,2720,
2720,,91,180,,,,,,
2740,Dancers and Choreographers,31,70,182,193,193,274,2740,
2750,"Musicians, Singers, and Related Workers",57,120,185,186,186,275,2750,
2760,"Entertainers and Performers, Sports and Related Workers, All Other",51,101,194,194,194,276,2760,
2800,Announcers,,,193,198,198,280,2800,
2810,"Editors, News Analysts, Reporters, and Correspondents",36,75,184,195,195,281,2810,
2810,,,,,,,283,2830,
2825,Public Relations Specialists,,,,197,197,282,2820,
2825,,,,,,,,,
2840,Technical Writers,,,,184,184,284,2840,
2850,Writers and Authors,6,20,181,183,183,285,2850,
2860,"Media and Communication Workers, nec",,,,,,286,2860,
2900,"Broadcast and Sound Engineering Technicians and Radio Operators, and media and communication equipment workers, all other",76,164,171,228,228,290,2900,
2900,,,,,,,296,2960,
2910,Photographers,74,161,191,189,189,291,2910,
2920,"Television, Video, and Motion Picture Camera Operators and Editors",,,,,,292,2920,
#,HEALTHCARE PRACTITIONERS AND TECHNICAL,,,,,,,,
3000,Chiropractors,8,22,61,,,300,3000,
3010,Dentists,32,71,62,85,85,301,3010,
3030,Dieticians and Nutritionists,34,73,74,97,97,303,3030,
3040,Optometrists,70,152,63,87,87,304,3040,
3050,Pharmacists,73,160,64,96,96,305,3050,
3060,Physicians and Surgeons,71,153,65,84,84,306,3060,
3060,,75,162,,,,,,
3110,Physician Assistants,,,,106,106,311,3110,
3120,Podiatrists,,,71,88,88,312,3120,
3130,Registered Nurses,58,150,75,95,95,313,3130,
3130,,,,,,,,,
3130,,,,,,,,,
3130,,,,,,,,,
3140,Audiologists,,,,,,314,3140,
3150,Occupational Therapists,,,,99,99,315,3150,
3160,Physical Therapists,,,,103,103,316,3160,
3200,Radiation Therapists,,,,,,320,3200,
3210,Recreational Therapists,,,,,,321,3210,
3220,Respiratory Therapists,,,,98,98,322,3220,
3230,Speech Language Pathologists,,,,104,104,323,3230,
3240,"Therapists, nec",97,193,76,105,105,324,3240,
3240,,,,,,,,,
3250,Veterinarians,98,194,72,86,86,325,3250,
3260,"Health Diagnosing and Treating Practitioners, nec",772,840,73,,,326,3260,
3260,,,,924,,,,,
3300,Clinical Laboratory Technologists and Technicians,94,185,80,203,203,330,3300,
3310,Dental Hygienists,,,81,204,204,331,3310,
3320,Diagnostic Related Technologists and Technicians,,,,,,332,3320,
3400,Emergency Medical Technicians and Paramedics,,,,,,340,3400,
3410,Health Diagnosing and Treating Practitioner Support Technicians,,,83,206,206,341,3410,
3410,,,,,,,,,
3500,Licensed Practical and Licensed Vocational Nurses,781,842,926,207,207,350,3500,
3510,Medical Records and Health Information Technicians,,,82,205,205,351,3510,
3520,"Opticians, Dispensing",563,494,506,677,677,352,3520,
3530,"Health Technologists and Technicians, nec",,,85,208,208,353,3530,
3530,,,,,,,,,
3540,"Healthcare Practitioners and Technical Occupations, nec",,,,89,89,354,3540,
#,HEALTHCARE SUPPORT,,,,,,,,
3600,"Nursing, Psychiatric, and Home Health Aides",59,151,925,,,360,3600,
3610,Occupational Therapy Assistants and Aides,,,,,,361,3610,
3620,Physical Therapist Assistants and Aides,,,,,,362,3620,
3630,Massage Therapists,,,,,,363,3630,
3640,Dental Assistants,,,921,445,445,364,3640,
3650,"Medical Assistants and Other Healthcare Support Occupations, nec",302,303,923,446,446,365,3650,
3650,,730,810,84,447,447,,,
3650,,,,922,,,,,
3650,,,,,,,,,
3650,,,,,,,,,
3650,,,,,,,,,
3650,,,,,,,,,
#,PROTECTIVE SERVICE,,,,,,,,
3700,First-Line Supervisors of Correctional Officers,,,,,,370,3700,
3710,First-Line Supervisors of Police and Detectives,,,,414,414,371,3710,
3720,First-Line Supervisors of Fire Fighting and Prevention Workers,,,,413,413,372,3720,
3730,"Supervisors, Protective Service Workers, All Other",,,,415,415,373,3730,
3740,Firefighters,762,850,961,417,417,374,3740,
3750,Fire Inspectors,,,,416,416,375,3750,
3800,"Sheriffs, Bailiffs, Correctional Officers, and Jailers",782,854,965,424,424,380,3800,
3800,,,,,423,423,,,
3820,Police Officers and Detectives,,,,,,382,3820,
3820,,771,852,964,418,418,385,3850,
3820,,773,853,,,,386,3860,
3900,Animal Control,,,,,,390,,
3910,Private Detectives and Investigators,,,,,,391,3910,
3930,Security Guards and Gaming Surveillance Officers,,,962,426,426,392,3920,
3930,,,,,,,,,
3940,Crossing Guards,,,960,425,425,394,3940,
3950,"Law enforcement workers, nec",763,851,963,427,427,383,3830,
3950,,,,,,,384,3840,
3950,,,,,,,395,3950,
3950,,,,,,,,,
#,FOOD PREPARATION AND SERVING,,,,,,,,
4000,Chefs and Cooks,754,825,912,404,404,400,4000,
4000,,,,981,436,436,402,4020,
4010,First-Line Supervisors of Food Preparation and Serving Workers,,,,433,433,401,4010,
4030,Food Preparation Workers,790,835,,439,439,403,4030,
4040,Bartenders,750,815,910,434,434,404,4040,
4050,"Combined Food Preparation and Serving Workers, Including Fast Food",,,,437,,405,4050,
4060,"Counter Attendant, Cafeteria, Food Concession, and Coffee Shop",760,830,914,438,438,406,4060,
4110,Waiters and Waitresses,784,875,915,435,435,411,4110,
4120,"Food Servers, Nonrestaurant",,,,,,412,4120,
4130,"Food preparation and serving related workers, nec",,,911,443,443,413,4130,
4130,,,,916,444,444,416,4160,
4140,Dishwashers,,,913,,,414,4140,
4150,"Host and Hostesses, Restaurant, Lounge, and Coffee Shop",,,,,,415,4150,
#,BUILDING AND GROUNDS CLEANING AND MAINTENANCE,,,,,,,,
4200,First-Line Supervisors of Housekeeping and Janitorial Workers,,,,448,448,420,4200,
4210,"First-Line Supervisors of Landscaping, Lawn Service, and Groundskeeping Workers",,,,485,485,421,4210,
4220,Janitors and Building Cleaners,770,834,903,453,453,422,4220,
4230,Maids and Housekeeping Cleaners,700,802,901,405,405,423,4230,
4230,,752,821,902,407,407,,,
4230,,753,823,982,449,449,,,
4230,,764,824,984,,,,,
4230,,,832,940,,,,,
4230,,,,950,,,,,
4240,Pest Control Workers,,,,455,455,424,4240,
4250,Grounds Maintenance Workers,930,964,755,486,486,425,4250,
#,PERSONAL CARE AND SERVICE,,,,,,,,
4300,First-Line Supervisors of Gaming Workers,,,,,,430,4300,
4320,First-Line Supervisors of Personal Service Workers,,,,456,456,432,4320,
4340,Animal Trainers,,,,,,434,4340,
4350,Nonfarm Animal Caretakers,,,740,487,487,435,4350,
4400,Gaming Services Workers,,,,,,440,4400,
4420,"Ushers, Lobby Attendants, and Ticket Takers",783,874,953,464,462,442,4420,
4430,"Entertainment Attendants and Related Workers, nec",732,813,932,459,459,443,4430,
4430,,562,493,505,773,773,441,,
4460,Funeral Service Workers and Embalmers,,,165,,,446,4460,
4460,,,,,,,,,
4500,Barbers,,814,935,457,457,450,4500,
4510,"Hairdressers, Hairstylists, and Cosmetologists",740,843,944,458,458,451,4510,
4520,"Personal Appearance Workers, nec",,,,,,452,4520,
4530,"Baggage Porters, Bellhops, and Concierges",304,841,934,466,464,453,4530,
4530,,780,304,,,,,,
4540,Tour and Travel Guides,,,,463,461,454,4540,
4600,Childcare Workers,,801,942,406,406,460,4600,
4600,,,,980,468,466,,,
4600,,,,952,,468,,,
4610,Personal Care Aides,,,,,,461,4610,
4620,Recreation and Fitness Workers,77,165,101,175,175,462,4620,
4640,Residential Advisors,,,,,,464,4640,
4650,"Personal Care and Service Workers, All Other",720,804,945,469,469,465,4650,
4650,,731,812,941,,,,,
4650,,751,820,976,,,,,
4650,,,890,986,,,,,
4650,,,,933,,,,,
#,SALES AND RELATED,,,,,,,,
4700,First-Line Supervisors of Sales Workers,205,254,,243,243,470,4700,
4700,,,,,,,471,4710,
4720,Cashiers,320,312,310,276,276,472,4720,
4740,Counter and Rental Clerks,,,314,275,275,474,4740,
4750,Parts Salespersons,,,,269,269,475,4750,
4760,Retail Salespersons,,,284,263,263,476,4760,
4760,,,,283,264,264,,,
4760,,,,,265,265,,,
4760,,,,,266,266,,,
4760,,,,,267,267,,,
4760,,,,,268,268,,,
4800,Advertising Sales Agents,400,380,260,256,256,480,4800,
4810,Insurance Sales Agents,450,385,265,253,253,481,4810,
4820,"Securities, Commodities, and Financial Services Sales Agents",480,395,271,255,255,482,4820,
4830,Travel Agents,,,,,,483,4830,
4840,"Sales Representatives, Services, All Other",,,285,257,257,484,4840,
4850,"Sales Representatives, Wholesale and Manufacturing",,,281,259,259,485,4850,
4850,,,,282,,,,,
4900,"Models, Demonstrators, and Product Promoters",420,382,262,283,283,490,4900,
4920,Real Estate Brokers and Sales Agents,470,393,270,254,254,492,4920,
4920,,,,363,,,,,
4930,Sales Engineers,,92,22,258,258,493,4930,
4940,Telemarketers,,,,,,494,4940,
4950,"Door-to-Door Sales Workers, News and Street Vendors, and Related Workers",430,383,264,277,277,495,4950,
4950,,460,390,266,278,278,,,
4965,"Sales and Related Workers, All Other",300,301,261,274,274,496,4960,
4965,,410,381,280,284,284,,,
4965,,490,394,296,285,285,,,
4965,,,,,290,290,,,
#,OFFICE AND ADMINISTRATIVE SUPPORT,,,,,,,,
5000,First-Line Supervisors of Office and Administrative Support Workers,,,312,303,303,500,5000,
5000,,,,,305,305,,,
5010,"Switchboard Operators, Including Answering Service",,,,,,501,5010,
5020,Telephone Operators,370,353,385,348,348,502,5020,
5030,"Communications Equipment Operators, All Other",365,352,384,306,306,503,5030,
5030,,,,,353,353,,,
5030,,,,,349,,,,
5100,Bill and Account Collectors,321,313,313,378,378,510,5100,
5110,Billing and Posting Clerks,,,341,339,339,511,5110,
5110,,,,303,344,344,,,
5110,,,,342,,,,,
5120,"Bookkeeping, Accounting, and Auditing Clerks",310,310,305,337,337,512,5120,
5130,Gaming Cage Workers,,,,,,513,5130,
5140,Payroll and Timekeeping Clerks,,333,360,338,338,514,5140,
5150,Procurement Clerks,,,,,,515,5150,
5160,Bank Tellers,305,305,301,383,383,516,5160,
5165,"Financial Clerks, nec",,,,,,,,
5200,Brokerage Clerks,,,,,,520,5200,
5220,"Court, Municipal, and License Clerks",,,,,,522,5220,
5230,"Credit Authorizers, Checkers, and Clerks",,,,,,523,5230,
5240,Customer Service Representatives,,,,,,524,5240,
5250,"Eligibility Interviewers, Government Programs",,,311,377,377,525,5250,
5260,File Clerks,,320,325,335,335,526,5260,
5300,"Hotel, Motel, and Resort Desk Clerks",,,,317,317,530,5300,
5310,"Interviewers, Except Eligibility and Loan",,,320,316,316,531,5310,
5320,"Library Assistants, Clerical",301,302,330,329,329,532,5320,
5330,Loan Interviewers and Clerks,,,321,376,376,533,5330,
5340,New Account Clerks,,,,,,534,5340,
5350,Correspondent clerks and order clerks,,,,326,326,535,5350,
5350,,,,,327,327,521,5210,
5360,"Human Resources Assistants, Except Payroll and Timekeeping",72,154,56,328,328,536,5360,
5400,Receptionists and Information Clerks,,341,364,319,319,540,5400,
5410,Reservation and Transportation Ticket Agents and Travel Clerks,380,354,390,318,318,541,5410,
5420,"Information and Record Clerks, All Other",,,,323,323,542,5420,
5420,,,,,325,325,,,
5420,,,,,336,336,,,
5420,,,,,343,343,,,
5500,Cargo and Freight Agents,,,,,,550,5500,
5510,Couriers and Messengers,340,324,333,357,357,551,5510,
5510,,360,351,383,,,,,
5520,Dispatchers,322,314,315,359,359,552,5520,
5530,"Meter Readers, Utilities",,,334,366,366,553,5530,
5540,Postal Service Clerks,,340,361,354,354,554,5540,
5550,Postal Service Mail Carriers,335,323,331,355,355,555,5550,
5560,"Postal Service Mail Sorters, Processors, and Processing Machine Operators",,,,346,346,556,5560,
5600,"Production, Planning, and Expediting Clerks",,,323,363,363,560,5600,
5600,,,,,373,373,,,
5600,,,,,374,374,,,
5610,"Shipping, Receiving, and Traffic Clerks",342,343,374,364,364,561,5610,
5610,,,,,307,307,,,
5620,Stock Clerks and Order Fillers,,350,381,365,365,562,5620,
5630,"Weighers, Measurers, Checkers, and Samplers, Recordkeeping",,,392,368,368,563,5630,
5630,,,,,369,,,,
5700,Secretaries and Administrative Assistants,350,342,370,313,313,570,5700,
5700,,,,371,,,,,
5700,,,,372,,,,,
5800,Computer Operators,,,343,304,304,580,5800,
5800,,,,350,308,308,,,
5800,,,,,309,309,,,
5810,Data Entry Keyers,,,345,385,385,581,5810,
5820,Word Processors and Typists,,345,376,315,315,582,5820,
5820,,,360,391,314,314,,,
5840,Insurance Claims and Policy Processing Clerks,,,,,,584,5840,
5850,"Mail Clerks and Mail Machine Operators, Except Postal Service",325,315,332,356,356,585,5850,
5860,"Office Clerks, General",390,370,395,379,379,586,5860,
5860,,,,396,,,,,
5900,"Office Machine Operators, Except Computer",341,325,344,345,345,590,5900,
5900,,,,355,347,347,,,
5910,Proofreaders and Copy Markers,,,362,384,384,591,5910,
5920,Statistical Assistants,,,375,386,386,592,5920,
5940,"Office and administrative support workers, nec",,,394,389,389,593,5930,
5940,,,,,,,583,5830,
#,"FARMING, FISHING, AND FORESTRY",,,,,,,,
6005,"First-Line Supervisors of Farming, Fishing, and Forestry Workers",810,,,477,477,600,6000,
6005,,,,,494,494,,,
6005,,,,,497,497,,,
6010,Agricultural Inspectors,,,,489,489,601,6010,
6040,"Graders and Sorters, Agricultural Products",640,654,,488,488,604,6040,
6050,"Agricultural workers, nec",820,901,822,479,479,605,6050,
6050,,830,902,823,480,480,602,6020,
6050,,840,903,824,483,483,,,
6050,,,905,846,484,484,,,
6100,Fishing and hunting workers,910,962,752,498,498,610,6100,
6100,,,,,499,499,611,6110,
6120,Forest and Conservation Workers,532,444,450,495,495,612,6120,
6130,Logging Workers,950,970,761,496,496,613,6130,
#,CONSTRUCTION,,,,,,,,
6200,First-Line Supervisors of Construction Trades and Extraction Workers,,,,553,553,620,6200,
6200,,,,,554,554,,,
6200,,,,,555,555,,,
6200,,,,,556,556,,,
6200,,,,,557,557,,,
6200,,,,,558,558,,,
6210,Boilermakers,503,403,404,643,643,621,6210,
6220,"Brickmasons, Blockmasons, and Stonemasons",504,405,410,563,563,622,6220,
6220,,601,602,411,564,564,,,
6230,Carpenters,510,411,415,567,567,623,6230,
6230,,602,603,416,569,569,,,
6230,,,960,750,,,,,
6240,"Carpet, Floor, and Tile Installers and Finishers",,,560,565,565,624,6240,
6240,,,,420,566,566,,,
6250,"Cement Masons, Concrete Finishers, and Terrazzo Workers",511,413,421,588,588,625,6250,
6260,Construction Laborers,,,751,869,869,626,6260,
6300,"Paving, Surfacing, and Tamping Equipment Operators",,,412,594,594,630,6300,
6300,,,,,855,855,,,
6320,"Construction equipment operators except paving, surfacing, and tamping equipment operators",,,436,844,844,631,6310,
6320,,,,,,,632,6320,
6330,"Drywall Installers, Ceiling Tile Installers, and Tapers",,,615,573,573,633,6330,
6355,Electricians,515,421,430,575,575,635,6350,
6355,,603,604,431,576,576,,,
6360,Glaziers,530,434,445,589,589,636,6360,
6400,Insulation Workers,620,630,601,593,593,640,6400,
6420,"Painters, Construction and Maintenance",564,495,510,579,579,642,6420,
6420,,,,511,,,,,
6430,Paperhangers,565,501,512,583,583,643,6430,
6440,"Pipelayers, Plumbers, Pipefitters, and Steamfitters",574,510,522,585,585,644,6440,
6440,,610,612,523,587,587,,,
6460,Plasterers and Stucco Masons,573,505,520,584,584,646,6460,
6460,,,,521,,,,,
6500,Reinforcing Iron and Rebar Workers,,,,,,650,6500,
6515,Roofers,581,514,534,595,595,651,6510,
6515,,,,,,,,,
6520,"Sheet Metal Workers, metal-working",591,525,535,596,596,652,6520,
6520,,612,614,536,653,653,,,
6520,,,,,654,654,,,
6530,Structural Iron and Steel Workers,585,523,550,597,597,653,6530,
6600,"Helpers, Construction Trades",611,613,605,865,866,660,6600,
6660,Construction and Building Inspectors,,,213,35,35,666,6660,
6700,Elevator Installers and Repairers,,,,543,543,670,6700,
6710,Fence Erectors,,,,,,671,6710,
6720,Hazardous Materials Removal Workers,,,,,,672,6720,
6730,Highway Maintenance Workers,,,,,,673,6730,
6740,Rail-Track Laying and Maintenance Equipment Operators,,,,,,674,6740,
6765,"Construction workers, nec",,,440,599,599,675,6750,
6765,,,,,,,676,6760,
#,EXTRACTION,,,,,,,,
6800,"Derrick, rotary drill, and service unit operators, and roustabouts, oil, gas, and mining",,,,613,613,680,6800,
6800,,,,,614,614,692,6920,
6820,"Earth Drillers, Except Oil and Gas",,,614,598,598,682,6820,
6830,"Explosives Workers, Ordnance Handling Experts, and Blasters",622,634,603,615,615,683,6830,
6840,Mining Machine Operators,650,685,640,616,616,684,6840,
6940,"Extraction workers, nec",,,,617,617,691,6910,
6940,,,,,867,868,693,6930,
6940,,,,,,,694,6940,
#,"INSTALLATION, MAINTENANCE, AND REPAIR",,,,,,,,
7000,"First-Line Supervisors of Mechanics, Installers, and Repairers",,,,503,503,700,7000,
7010,"Computer, Automated Teller, and Office Machine Repairers",551,473,475,525,525,701,7010,
7010,,,,484,,,,,
7020,Radio and Telecommunications Equipment Installers and Repairers,540,453,552,529,529,702,7020,
7030,Avionics Technicians,,,554,,,703,7030,
7040,"Electric Motor, Power Tool, and Related Repairers",,,,577,577,704,7040,
7100,"Electrical and electronics repairers, transportation equipment, and industrial and utility",553,475,433,523,523,710,7100,
7100,,,,,,,705,7050,
7110,"Electronic Equipment Installers and Repairers, Motor Vehicles",,,,,,711,7110,
7120,Electronic Home Entertainment Equipment Installers and Repairers,552,474,485,,,712,7120,
7125,"Electronic Repairs, nec",,,,533,533,,,
7130,Security and Fire Alarm Systems Installers,,,,,,713,7130,
7140,Aircraft Mechanics and Service Technicians,545,471,471,508,508,714,7140,
7140,,,,,515,515,,,
7150,Automotive Body and Related Repairers,,,472,514,514,715,7150,
7160,Automotive Glass Installers and Repairers,,,,,,716,7160,
7200,Automotive Service Technicians and Mechanics,550,472,473,505,505,720,7200,
7200,,600,601,474,506,506,,,
7210,Bus and Truck Mechanics and Diesel Engine Specialists,,,,507,507,721,7210,
7220,Heavy Vehicle and Mobile Equipment Service Technicians and Mechanics,,,480,516,516,722,7220,
7220,,,,481,517,517,,,
7240,Small Engine Mechanics,,,,509,509,724,7240,
7260,"Vehicle and Mobile Equipment Mechanics, Installers, and Repairers, nec",,,,,,726,7260,
7300,Control and Valve Installers and Repairers,,,,539,539,730,7300,
7315,"Heating, Air Conditioning, and Refrigeration Mechanics and Installers",,470,470,534,534,731,7310,
7315,,,,,,,,,
7320,Home Appliance Repairers,,,482,526,526,732,7320,
7330,Industrial and Refractory Machinery Mechanics,,,,518,518,733,7330,
7340,"Maintenance and Repair Workers, General",,,,538,538,734,7340,
7340,,,,,547,547,,,
7340,,,,,549,549,,,
7350,"Maintenance Workers, Machinery",543,461,483,519,519,735,7350,
7350,,662,692,642,,,,,
7360,Millwrights,560,491,502,544,544,736,7360,
7410,Electrical Power-Line Installers and Repairers,,,,,,741,7410,
7420,Telecommunications Line Installers and Repairers,,,,527,527,742,7420,
7430,Precision Instrument and Equipment Repairers,572,504,516,535,535,743,7430,
7510,"Coin, Vending, and Amusement Machine Servicers and Repairers",,,,,,751,7510,
7540,Locksmiths and Safe Repairers,,,,536,536,754,7540,
7550,Manufactured Building and Mobile Home Installers,,,,,,755,7550,
7560,Riggers,,,,,,756,7560,
7610,"Helpers--Installation, Maintenance, and Repair Workers",,,491,864,865,761,7610,
7630,"Other Installation, Maintenance, and Repair Workers Including Wind Turbine Service Technicians, and Commercial Divers, and Signal and Track Switch Repairers",554,480,486,,,762,7620,
7630,,605,610,403,,,752,7520,
7630,,614,620,492,,,760,,
7630,,615,621,495,,,,,
7630,,,,571,,,,,
7630,,,,572,,,,,
7630,,,,586,,,,,
7630,,,,575,,,,,
#,PRODUCTION,,,,,,,,
7700,First-Line Supervisors of Production and Operating Workers,523,430,441,633,628,770,7700,
7710,"Aircraft Structure, Surfaces, Rigging, and Systems Assemblers",,,,,,771,7710,
7720,"Electrical, Electronics, and Electromechanical Assemblers",,,,683,683,772,7720,
7730,Engine and Other Machine Assemblers,,,,,,773,7730,
7740,Structural Metal Fabricators and Fitters,,,,636,636,774,7740,
7750,"Assemblers and Fabricators, nec",,631,602,717,717,775,7750,
7750,,,,,785,785,,,
7800,Bakers,500,401,402,687,687,780,7800,
7810,"Butchers and Other Meat, Poultry, and Fish Processing Workers",644,675,631,686,686,781,7810,
7810,,,,633,,,,,
7830,"Food and Tobacco Roasting, Baking, and Drying Machine Operators and Tenders",,,,763,763,783,7830,
7840,Food Batchmakers,,,,688,688,784,7840,
7850,Food Cooking Machine Operators and Tenders,,,,,,785,7850,
7855,"Food Processing, nec",,,,,,,,
7900,Computer Control Programmers and Operators,,,172,233,233,790,7900,
7900,,,,,714,714,,,
7920,"Extruding and Drawing Machine Setters, Operators, and Tenders, Metal and Plastic",,,,,,792,7920,
7930,"Forging Machine Setters, Operators, and Tenders, Metal and Plastic",501,402,442,713,713,793,7930,
7930,,524,431,,,,,,
7940,"Rolling Machine Setters, Operators, and Tenders, metal and Plastic",580,513,533,707,707,794,7940,
7950,"Cutting, Punching, and Press Machine Setters, Operators, and Tenders, Metal and Plastic",,,656,706,706,795,7950,
7960,"Drilling and Boring Machine Tool Setters, Operators, and Tenders, Metal and Plastic",,,650,708,708,796,7960,
8000,"Grinding, Lapping, Polishing, and Buffing Machine Tool Setters, Operators, and Tenders, Metal and Plastic",584,521,651,644,644,800,8000,
8000,,635,653,621,709,709,,,
8000,,,,,768,768,,,
8010,"Lathe and Turning Machine Tool Setters, Operators, and Tenders, Metal and Plastic",535,452,454,703,703,801,8010,
8010,,,,652,704,704,,,
8010,,,,653,,,,,
8030,Machinists,544,465,461,637,637,803,8030,
8030,,604,605,462,639,639,,,
8040,"Metal Furnace Operators, Tenders, Pourers, and Casters",,,,,,804,8040,
8060,"Model Makers and Patternmakers, Metal and Plastic",570,502,514,,,806,8060,
8100,"Molders and Molding Machine Setters, Operators, and Tenders, Metal and Plastic",561,492,503,719,719,810,8100,
8100,,,,504,,,,,
8130,Tool and Die Makers,592,530,561,634,634,813,8130,
8130,,,,562,635,635,,,
8140,"Welding, Soldering, and Brazing Workers",685,721,680,783,783,814,8140,
8140,,,,665,784,784,,,
8150,"Heat Treating Equipment Setters, Operators, and Tenders, Metal and Plastic",531,435,626,724,724,815,8150,
8150,,,,446,,,,,
8200,"Plating and Coating Machine Setters, Operators, and Tenders, Metal and Plastic",,,,723,723,820,8200,
8210,"Tool Grinders, Filers, and Sharpeners",,,,,,821,8210,
8220,"Metal workers and plastic workers, nec",,,540,645,645,802,8020,
8220,,,,660,646,646,812,8120,
8220,,,,635,655,655,816,8160,
8220,,,,,715,715,822,8220,
8220,,,,,725,725,,,
8220,,,,,684,684,,,
8220,,,,,705,705,,,
8230,"Bookbinders, Printing Machine Operators, and Job Printers",502,404,405,734,734,823,8230,
8230,,575,512,530,679,679,824,8240,
8230,,613,615,531,737,737,826,8260,
8230,,,,423,,,,,
8230,,,,434,,,,,
8250,Prepress Technicians and Workers,512,414,422,736,736,825,8250,
8300,Laundry and Dry-Cleaning Workers,643,674,611,403,403,830,8300,
8300,,710,803,630,748,748,,,
8300,,,,983,,,,,
8310,"Pressers, Textile, Garment, and Related Materials",,,,747,747,831,8310,
8320,Sewing Machine Operators,,705,663,744,744,832,8320,
8330,Shoe and Leather Workers and Repairers,,,542,669,669,833,8330,
8340,Shoe Machine Operators and Tenders,582,515,664,745,745,834,8340,
8350,"Tailors, Dressmakers, and Sewers",633,651,613,666,666,835,8350,
8350,,590,524,551,667,667,,,
8400,"Textile bleaching and dyeing, and cutting machine setters, operators, and tenders",,,,743,743,836,8360,
8400,,,,,,,840,8400,
8410,"Textile Knitting and Weaving Machine Setters, Operators, and Tenders",684,673,671,739,739,841,8410,
8410,,,720,673,,,,,
8420,"Textile Winding, Twisting, and Drawing Out Machine Setters, Operators, and Tenders",675,710,672,738,738,842,8420,
8420,,,,681,,,,,
8450,Upholsterers,593,535,563,668,668,845,8450,
8450,,,,401,,,,,
8460,"Textile, Apparel, and Furnishings workers, nec",525,432,444,674,674,843,8430,
8460,,645,680,636,749,749,844,8440,
8460,,,,670,673,,846,8460,
8460,,,,674,,,,,
8500,Cabinetmakers and Bench Carpenters,505,410,413,657,657,850,8500,
8510,Furniture Finishers,,,443,658,658,851,8510,
8530,"Sawing Machine Setters, Operators, and Tenders, Wood",674,704,662,727,727,853,8530,
8540,"Woodworking Machine Setters, Operators, and Tenders, Except Sawing",,,,728,728,854,8540,
8540,,,,,726,726,,,
8550,"Woodworkers including model makers and patternmakers, nec",,,,659,659,852,8520,
8550,,,,,656,656,,,
8550,,,,,729,729,,,
8550,,,,,733,733,855,8550,
8550,,,,,676,676,,,
8600,"Power Plant Operators, Distributors, and Dispatchers",672,701,525,695,695,860,8600,
8610,Stationary Engineers and Boiler Operators,583,520,545,696,696,861,8610,
8620,Water Wastewater Treatment Plant and System Operators,,,,694,694,862,8620,
8630,"Plant and System Operators, nec",,,,699,699,863,8630,
8640,"Chemical Processing Machine Setters, Operators, and Tenders",,,,757,757,864,8640,
8650,"Crushing, Grinding, Polishing, Mixing, and Blending Workers",555,490,641,756,756,865,8650,
8650,,,,501,,,,,
8710,Cutting Workers,,,612,769,769,871,8710,
8720,"Extruding, Forming, Pressing, and Compacting Machine Setters, Operators, and Tenders",,,,755,755,872,8720,
8720,,,,,758,758,,,
8730,"Furnace, Kiln, Oven, Drier, and Kettle Operators and Tenders",641,670,622,766,766,873,8730,
8730,,642,672,666,,,,,
8730,,680,712,,,,,,
8740,"Inspectors, Testers, Sorters, Samplers, and Weighers",533,450,452,689,689,874,8740,
8740,,,643,610,796,796,,,
8740,,,671,624,797,797,,,
8740,,,,625,798,798,,,
8740,,,,,799,799,,,
8750,Jewelers and Precious Stone and Metal Workers,534,451,453,647,647,875,8750,
8760,"Medical, Dental, and Ophthalmic Laboratory Technicians",,,426,678,678,876,8760,
8800,Packaging and Filling Machine Operators and Tenders,,693,643,754,754,880,8800,
8800,,,,604,,,,,
8810,Painting Workers and Dyers,634,652,644,759,759,881,8810,
8810,,670,694,620,,,,,
8830,Photographic Process Workers and Processing Machine Operators,671,695,645,774,774,883,8830,
8850,Adhesive Bonding Machine Operators and Tenders,,,,753,753,885,8850,
8860,"Cleaning, Washing, and Metal Pickling Equipment Operators and Tenders",,,,764,764,886,8860,
8910,"Etchers, Engravers, and Lithographers",521,424,435,649,649,891,8910,
8910,,571,503,515,735,735,,,
8920,"Molders, Shapers, and Casters, Except Metal and Plastic",,,546,786,786,892,8920,
8920,,,,543,787,787,,,
8920,,,,,789,789,,,
8920,,,,,793,793,,,
8920,,,,,795,795,,,
8920,,,,,675,675,,,
8920,,,,,794,,,,
8930,"Paper Goods Machine Setters, Operators, and Tenders",,,,765,765,893,8930,
8940,Tire Builders,,,,,,894,8940,
8950,Helpers--Production Workers,,,,873,874,895,8950,
8965,Other production workers including semiconductor processors and cooling and freezing equipment operators,594,545,690,693,693,884,8840,
8965,,520,423,692,777,777,890,8900,
8965,,690,775,694,779,779,896,8960,
8965,,,,695,,,,,
8965,,,,696,,,,,
#,TRANSPORTATION AND MATERIAL MOVING,,,,,,,,
9000,Supervisors of Transportation and Material Moving Workers,,,,803,803,900,9000,
9000,,,,,843,843,,,
9000,,,,,863,864,,,
9030,Aircraft Pilots and Flight Engineers,2,12,163,226,226,903,9030,
9030,,,,170,,,,,
9040,Air Traffic Controllers and Airfield Operations Specialists,,,164,227,227,904,9040,
9050,Flight Attendants and Transportation Workers and Attendants,,,931,465,463,455,4550,
9050,,,,,,,,,
9050,,,,,,,,,
9100,Bus and Ambulance Drivers and Attendants,625,641,703,808,808,912,9120,
9100,,,,,,,911,,
9130,Driver/Sales Workers and Truck Drivers,632,650,705,804,804,913,9130,
9130,,683,715,763,806,806,,,
9130,,960,971,715,805,,,,
9130,,,972,,,,,,
9140,Taxi Drivers and Chauffeurs,682,714,714,809,809,914,9140,
9150,"Motor Vehicle Operators, All Other",,,,814,814,915,9150,
9200,Locomotive Engineers and Operators,541,454,455,824,824,920,9200,
9200,,542,460,456,,,,,
9230,"Railroad Brake, Signal, and Switch Operators",624,713,712,825,825,923,9230,
9230,,681,640,713,,,,,
9240,Railroad Conductors and Yardmasters,203,252,226,823,823,924,9240,
9240,,631,645,,,,,,
9260,"Subway, Streetcar, and Other Rail Transportation Workers",661,691,704,826,826,926,9260,
9300,"Sailors and marine oilers, and ship engineers",673,703,661,829,829,930,9300,
9300,,,,701,833,833,933,9330,
9310,Ship and Boat Captains and Operators,240,265,221,828,828,931,9310,
9350,Parking Lot Attendants,,,711,813,813,935,9350,
9360,Automotive and Watercraft Service Attendants,621,632,623,,,936,9360,
9410,Transportation Inspectors,,,,,,941,9410,
9420,"Transportation workers, nec",623,860,710,,815,942,9420,
9420,,785,635,,834,834,934,9340,
9510,Crane and Tower Operators,513,415,,849,849,951,9510,
9520,"Dredge, Excavating, and Loading Machine Operators",522,425,,853,853,952,9520,
9560,"Conveyor operators and tenders, and hoist and winch operators",940,965,424,848,848,956,9560,
9560,,,,760,845,845,950,9500,
9600,Industrial Truck and Tractor Operators,,,,856,856,960,9600,
9610,Cleaners of Vehicles and Equipment,920,963,764,887,887,961,9610,
9620,"Laborers and Freight, Stock, and Material Movers, Hand",,973,762,883,883,962,9620,
9620,,,,753,877,877,,,
9620,,,,,889,889,,,
9630,Machine Feeders and Offbearers,,,,878,878,963,9630,
9640,"Packers and Packagers, Hand",,,634,888,888,964,9640,
9650,Pumping Station Operators,,,,885,885,965,9650,
9720,Refuse and Recyclable Material Collectors,,,754,875,875,972,9720,
9750,"Material moving workers, nec",761,831,943,454,454,973,9730,
9750,,660,690,706,859,859,974,9740,
9750,,970,985,726,,,975,9750,
9750,,,,770,,,,,
9750,,,,780,,,,,
9750,,,,785,,,,,
9750,,,,796,876,876,,,
#,MILITARY SPECIFIC,,,,,,,,
9800,Military Officer Special and Tactical Operations Leaders,,,,,903,980,9800,
9810,First-Line Enlisted Military Supervisors,,,,,,981,9810,
9820,Military Enlisted Tactical Operations and Air/Weapons Specialists and Crew Members,,,,,904,982,9820,
9830,"Military, Rank Not Specified",595,555,580,905,905,983,9830,
#,UNEMPLOYED OR NEVER WORKED,,,,,,,,
9920,"Unemployed, with No Work Experience in the Last 5 Years or Earlier or Never Worked",999,990,991,909,909,992,9920,
9920,,998,995,995,,0,,,
9920,,693,,0,0,,0,,
